<?xml version="1.0" encoding="UTF-8"?>
<project-private xmlns="http://www.netbeans.org/ns/project-private/1">
    <editor-bookmarks xmlns="http://www.netbeans.org/ns/editor-bookmarks/2" lastBookmarkId="0"/>
    <open-files xmlns="http://www.netbeans.org/ns/projectui-open-files/2">
        <group>
            <file>file:/C:/Users/Computador/Documents/NetBeansProjects/projetoosb/src/com/os/telas/TelaUsuario.java</file>
            <file>file:/C:/Users/Computador/Documents/NetBeansProjects/projetoosb/src/com/os/telas/TelaClientes.java</file>
            <file>file:/C:/Users/Computador/Documents/NetBeansProjects/projetoosb/src/com/os/telas/TelaSobre.java</file>
            <file>file:/C:/Users/Computador/Documents/NetBeansProjects/projetoosb/src/com/os/telas/TelaPrincipal.java</file>
            <file>file:/C:/Users/Computador/Documents/NetBeansProjects/projetoosb/src/com/os/telas/TelaOS.java</file>
        </group>
    </open-files>
</project-private>
